insert into book values
(9785389074354,'Гарри Поттер и философский камень',300,1997),
(9785389074355,'Гарри Поттер и Тайная комната',301,1998),
(9785389074356,'Гарри Поттер и узник Азкабана',302,1999),
(9785389074357,'Гарри Поттер и Кубок огня',303,2000),
(9785389074358,'Гарри Поттер и Орден Феникса',304,2003),
(9785389074359,'Гарри Поттер и Принцполукровка',305,2005),
(9785389074360,'Гарри Поттер и Дары Смерти',306,2007),
(9785171061234,'Хоббит: Нежданное путешествие',401,2012),
(9785171061235,'Хоббит: Пустошь Смауга',402,2013),
(9785171061236,'Хоббит: Битва пяти воинств',403,2014),
(9785699402885,'Перси Джексон и Похититель молний',500,2005),
(5751604768,'Одноэтажная Америка',200,2004),
(9785041090920,'Добрые предзнаменования',210,1990),
(5170258836,'Дневной Дозор',220,2006);

insert into avtor values
(1,'Джоан','Роулинг'),
(2,'Джон','Толкин'),
(3,'Рик','Риордан'),
(4,'Илья','Ильф'),
(5,'Евгений','Петров'),
(6,'Нил','Гейман'),
(7,'Терри','Пратчетт'),
(8,'Владимир','Васильев'),
(9,'Сергей','Лукьяненко');

insert into genre values
(1,'фэнтези'),
(2,'приключения'),
(3,'комедия'),
(4,'семейный'),
(5,'путевой очерк'),
(6,'юмор'),
(7,'ужасов'),
(8,'Фантастика');

insert into book_has_avtor values
(1,9785389074354,1),
(2,9785389074355,1),
(3,9785389074356,1),
(4,9785389074357,1),
(5,9785389074358,1),
(6,9785389074359,1),
(7,9785389074360,1),
(8,9785171061234,2),
(9,9785171061235,2),
(10,9785171061236,2),
(11,9785699402885,3),
(12,5751604768,4),
(13,5751604768,5),
(14,9785041090920,6),
(15,9785041090920,7),
(16,5170258836,8),
(17,5170258836,9);

insert into book_has_genre values
(1,9785389074354,1),
(2,9785389074355,1),
(3,9785389074356,1),
(4,9785389074357,1),
(5,9785389074358,1),
(6,9785389074359,1),
(7,9785389074360,1),
(8,9785171061234,1),
(9,9785171061234,2),
(10,9785171061235,1),
(11,9785171061235,2),
(12,9785171061236,1),
(13,9785171061236,2),
(14,9785699402885,1),
(15,9785699402885,2),
(16,9785699402885,4),
(17,5751604768,5),
(18,9785041090920,6),
(19,9785041090920,7),
(20,9785041090920,3),
(21,5170258836,1),
(22,9785389074354,8),
(23,9785389074355,8),
(24,9785389074356,8),
(25,9785389074357,8),
(26,9785389074358,8),
(27,9785389074359,8),
(28,9785389074360,8),
(29,9785171061234,8),
(30,9785171061235,8),
(31,9785171061236,8),
(32,9785699402885,8),
(33,5170258836,8)